<?xml version="1.0" encoding="UTF-8"?>
<!DOCTYPE hibernate-mapping PUBLIC "-//Hibernate/Hibernate Mapping DTD 3.0//EN"
 "http://hibernate.sourceforge.net/hibernate-mapping-3.0.dtd">
<hibernate-mapping>
 <class table="Building244" name="com.RealEstateBuilders1.beans.BuildingInformationBean">
  <id name="buildingName">
   </id> 
   <property name="buildingPrice"/> 
   <property name="buildingType"/> 
   <property name="buildingLocation"/> 
   <property name="buildingArea"/> 
   
   </class> 
   </hibernate-mapping>